model_name,original_name,pathogen,name,n_compounds,n_positives,n_added_negatives,n_added_decoys,auroc_mean,auroc_std,auprc_mean,auprc_std,baseline_auprc_mean,baseline_auprc_std,bedroc_mean,bedroc_std,baseline_bedroc_mean,baseline_bedroc_std,w1,w2,w3,w4,w5,w6,w_screen,final_weight,final_normalized_weight,decision_cutoff_rank,screening_auc,sensitivity_at_cutoff,portfolio,model_size_total_mb,oof_auc_cddd_mean,oof_auc_cddd_std,oof_auc_chemeleon_mean,oof_auc_chemeleon_std,oof_auc_clamp_mean,oof_auc_clamp_std,oof_auc_morgan_mean,oof_auc_morgan_std,oof_auc_rdkit_mean,oof_auc_rdkit_std
chembl_single_point_0,SP_0002,saureus,SP_0002,2660,279,0,0,0.9441,0.0146,0.7536,0.0508,0.1049,0.0008,0.8217,0.0425,0.1196,0.0007,1.0,0.8138,0.7058,0.7249,0.2961,0.2597,0.682,0.6403,5.9339,0.65,0.9046,0.6738,LR;RF;SVC;XGB,8.612,,,0.921,0.0057,0.9011,0.0065,0.9257,0.0059,0.9125,
chembl_single_point_1,SP_0001,saureus,SP_0001,1861,607,0,0,0.8629,0.0189,0.7677,0.0348,0.3262,0.0013,0.8845,0.0417,0.3267,0.0012,1.0,0.5431,0.4028,0.5091,0.2739,0.369,0.419,0.5024,4.6559,0.65,0.8257,0.3921,LR;RF;SVC;XGB,9.215,,,0.8546,0.0044,0.8429,0.0085,0.8593,0.0087,0.855,
chembl_single_point_2,SP_0000,saureus,SP_0000,1775,561,0,0,0.9307,0.0159,0.8791,0.0332,0.3161,0.0013,0.9586,0.0312,0.3167,0.0013,1.0,0.769,0.5106,0.5823,0.2715,0.3537,0.3567,0.5491,5.0887,0.65,0.807,0.492,LR;RF;SVC;XGB,7.469,,,0.9211,0.0068,0.9194,0.0076,0.9216,0.0073,,
chembl_single_point_3,SP_0005,saureus,SP_0005,1058,189,0,0,0.8763,0.04,0.6481,0.103,0.1786,0.0018,0.7317,0.1209,0.1838,0.0017,1.0,0.5878,0.4318,0.5013,0.2516,0.1737,0.476,0.4889,4.5308,0.65,0.8428,0.5503,LR;RF;SVC;XGB,7.355,,,0.8701,0.0097,0.8513,0.026,0.8681,0.02,,
chembl_single_point_4,SP_0003,saureus,SP_0003,981,423,0,0,0.9005,0.0355,0.8972,0.0355,0.4312,0.0026,0.9914,0.0077,0.4312,0.0026,1.0,0.6685,0.4696,0.5646,0.2447,0.3077,0.3717,0.5181,4.8014,0.65,0.8115,0.5839,LR;RF;SVC;XGB,7.926,,,0.9025,0.0068,0.8902,0.0104,0.9033,0.0087,,
chembl_single_point_5,SP_0006,saureus,SP_0006,959,130,0,0,0.9259,0.0219,0.734,0.0472,0.1355,0.0003,0.8128,0.0324,0.1452,0.0003,1.0,0.7531,0.5914,0.6458,0.2386,0.1,0.681,0.5728,5.3083,0.65,0.9043,0.5615,LR;RF;SVC;XGB,6.365,,,0.9081,0.0113,0.91,0.0147,0.9229,0.0136,,
chembl_single_point_6,SP_0004,saureus,SP_0004,266,94,0,0,0.949,0.0261,0.9236,0.0345,0.3534,0.0082,0.9784,0.0282,0.3537,0.0082,1.0,0.8301,0.5306,0.5814,0.0461,0.055,0.558,0.5145,4.768,0.65,0.8674,0.4149,LR;RF;SVC;XGB,1.583,,,0.9461,0.0085,,,0.9597,0.0026,0.9528,0.0074
chembl_dose_response_0,DR_0000,saureus,DR_0000,29133,8462,0,0,0.9579,0.0046,0.9136,0.0084,0.2904,0.0001,0.9712,0.0059,0.2913,0.0001,1.0,0.8596,0.5583,0.6094,0.6063,0.9146,0.897,0.7779,7.2091,0.65,0.9691,0.8627,RF;XGB,34.468,,,0.9535,0.0017,0.9486,0.0014,,,,
chembl_dose_response_1,DR_0001,saureus,DR_0001,14627,5354,0,0,0.9493,0.0023,0.925,0.0038,0.366,0.0002,0.9857,0.0044,0.3663,0.0001,1.0,0.8311,0.5257,0.5826,0.5257,0.7419,0.845,0.7217,6.6882,0.65,0.9535,0.847,RF;XGB,39.634,,,0.9436,0.0007,0.9366,0.0009,0.9438,0.0012,0.9429,
chembl_dose_response_2,DR_0002,saureus,DR_0002,9651,4686,0,0,0.8853,0.006,0.8745,0.0074,0.4856,0.0001,0.9559,0.0049,0.4856,0.0001,1.0,0.6175,0.4225,0.5109,0.4903,0.7048,0.6437,0.6271,5.8115,0.65,0.8931,0.6776,RF;XGB,39.893,,,0.8709,0.002,0.8642,0.0027,0.8748,0.001,,
chembl_dose_response_3,DR_0003,saureus,DR_0003,3858,1682,0,0,0.9221,0.0081,0.9146,0.007,0.436,0.0006,0.9883,0.0069,0.4361,0.0006,1.0,0.7403,0.4853,0.56,0.3294,0.5379,0.699,0.6217,5.7615,0.65,0.9097,0.7117,LR;RF;SVC;XGB,15.928,,,0.9171,0.002,0.9137,0.0013,0.9177,0.0025,0.9169,0.0045
chembl_dose_response_4,DR_0004,saureus,DR_0004,3517,1023,0,0,0.9419,0.0101,0.8738,0.0179,0.2909,0.0006,0.9461,0.019,0.2918,0.0006,1.0,0.8064,0.5223,0.5865,0.3199,0.5013,0.8737,0.6586,6.1035,0.65,0.9621,0.8006,LR;RF;SVC;XGB,13.245,,,0.9351,0.0029,0.9332,0.0019,0.9385,0.0042,,
chembl_dose_response_5,DR_0005,saureus,DR_0005,2039,158,0,0,0.9718,0.0216,0.8288,0.0846,0.0775,0.0013,0.8775,0.0636,0.0984,0.001,1.0,0.9061,0.9072,0.8719,0.2789,0.135,0.8813,0.7115,6.5937,0.65,0.9644,0.8418,LR;RF;SVC;XGB,2.907,,,0.9576,0.0101,0.9622,0.0033,0.9494,,0.9586,0.0089
chembl_dose_response_6,DR_0006,saureus,DR_0006,1932,794,0,0,0.8881,0.0234,0.8558,0.0358,0.411,0.0011,0.9603,0.0234,0.4111,0.0011,1.0,0.6269,0.4377,0.5406,0.2759,0.4313,0.5817,0.5563,5.1554,0.65,0.8745,0.534,LR;RF;SVC;XGB,7.278,,,0.8744,0.0074,0.8723,0.0042,0.8764,0.0063,,
chembl_dose_response_7,DR_0007,saureus,DR_0007,743,189,0,0,0.9549,0.0081,0.8784,0.0358,0.2544,0.0026,0.9355,0.0402,0.256,0.0025,1.0,0.8498,0.5548,0.6041,0.1786,0.1737,0.76,0.5887,5.4557,0.65,0.928,0.7513,LR;RF;SVC;XGB,4.561,,,0.9453,0.0036,0.9483,0.0043,,,0.9455,0.0039
pubchem_0,1259309_merged3,saureus,1259309_merged3,329702,1886,0,0,0.9618,0.0037,0.4055,0.0319,0.0057,0.0,0.7434,0.011,0.0529,0.0,1.0,0.8726,0.701,0.8645,1.0,0.5492,0.6903,0.8111,7.5167,0.65,0.9071,0.4655,RF;XGB,166.457,,,0.9366,0.0025,0.9591,0.0011,0.9259,0.0019,,
pubchem_aid463173,463173,saureus,463173,51739,4432,0,0,0.7881,0.0072,0.3855,0.0103,0.0856,0.0001,0.5247,0.0078,0.1045,0.0,1.0,0.2935,0.3584,0.458,0.7319,0.6907,0.3003,0.5475,5.0739,0.65,0.7901,0.3655,RF;XGB,101.118,,,0.7754,0.003,0.7794,0.004,0.7727,0.0001,0.7663,0.0013
pubchem_aid1014,1014,saureus,1014,240,26,0,0,0.8097,0.1451,0.5218,0.2044,0.1084,0.0093,0.5765,0.194,0.1224,0.0077,1.0,0.3657,0.4438,0.4647,0.0389,0.0,0.3637,0.3824,3.5438,0.65,0.8091,0.4231,LR;RF;SVC;XGB,3.778,0.7672,,0.7165,0.0957,0.8436,0.0296,0.6218,,0.786,0.0894
